category,total_sales,avg_sales,num_orders
Accessories,9979.36,554.4088888888889,18
Electronics,18008.47,666.9803703703705,27
Fashion,9168.48,611.232,15
Furniture,8589.59,715.7991666666667,12
Stationery,29233.71,1044.0610714285715,28
